<?xml version="1.0" encoding="utf-8"?>
<System>
  <P Name="Location">[-7, -7, 1543, 831]</P>
  <P Name="SetExecutionDomain">off</P>
  <P Name="ExecutionDomainType">Deduce</P>
  <P Name="SimulinkSubDomain">Simulink</P>
  <Block BlockType="Inport" Name="In1" SID="50">
    <P Name="Position">[45, 108, 75, 122]</P>
    <P Name="ZOrder">9</P>
    <P Name="ShowName">off</P>
    <P Name="IconDisplay">Signal name</P>
  </Block>
  <Block BlockType="Sum" Name="Sum1" SID="51">
    <P Name="Ports">[2, 1]</P>
    <P Name="Position">[300, 20, 340, 60]</P>
    <P Name="ZOrder">7</P>
    <P Name="Inputs">|++</P>
  </Block>
  <Block BlockType="Constant" Name="c_0a" SID="52">
    <P Name="Position">[210, 25, 240, 55]</P>
    <P Name="ZOrder">6</P>
    <P Name="Value">c_0a</P>
  </Block>
  <Block BlockType="Gain" Name="c_0b" SID="53">
    <P Name="Position">[225, 92, 270, 138]</P>
    <P Name="ZOrder">8</P>
    <P Name="Gain">c_0b</P>
  </Block>
  <Block BlockType="Outport" Name="Out1" SID="54">
    <P Name="Position">[480, 33, 510, 47]</P>
    <P Name="ZOrder">10</P>
    <P Name="ShowName">off</P>
    <P Name="IconDisplay">Signal name</P>
  </Block>
  <Line>
    <P Name="ZOrder">1</P>
    <P Name="Src">51#out:1</P>
    <P Name="Dst">54#in:1</P>
  </Line>
  <Line>
    <P Name="ZOrder">2</P>
    <P Name="Src">52#out:1</P>
    <P Name="Dst">51#in:1</P>
  </Line>
  <Line>
    <P Name="ZOrder">3</P>
    <P Name="Src">53#out:1</P>
    <P Name="Points">[45, 0]</P>
    <P Name="Dst">51#in:2</P>
  </Line>
  <Line>
    <P Name="ZOrder">4</P>
    <P Name="Src">50#out:1</P>
    <P Name="Dst">53#in:1</P>
  </Line>
</System>
