<?xml version="1.0" encoding="utf-8"?>
<System>
  <P Name="Location">[-7, -7, 1543, 831]</P>
  <P Name="SetExecutionDomain">off</P>
  <P Name="ExecutionDomainType">Deduce</P>
  <P Name="SimulinkSubDomain">Simulink</P>
  <Block BlockType="Inport" Name="In1" SID="56">
    <P Name="Position">[35, 113, 65, 127]</P>
    <P Name="ZOrder">9</P>
    <P Name="ShowName">off</P>
    <P Name="IconDisplay">Signal name</P>
  </Block>
  <Block BlockType="Sum" Name="Sum1" SID="57">
    <P Name="Ports">[2, 1]</P>
    <P Name="Position">[300, 20, 340, 60]</P>
    <P Name="ZOrder">7</P>
    <P Name="Inputs">|++</P>
  </Block>
  <Block BlockType="Constant" Name="c_1a" SID="58">
    <P Name="Position">[210, 25, 240, 55]</P>
    <P Name="ZOrder">6</P>
    <P Name="Value">c_1a</P>
  </Block>
  <Block BlockType="Gain" Name="c_1b" SID="59">
    <P Name="Position">[220, 100, 270, 140]</P>
    <P Name="ZOrder">8</P>
    <P Name="Gain">c_1b</P>
  </Block>
  <Block BlockType="Outport" Name="Out1" SID="60">
    <P Name="Position">[480, 33, 510, 47]</P>
    <P Name="ZOrder">10</P>
    <P Name="ShowName">off</P>
    <P Name="IconDisplay">Signal name</P>
  </Block>
  <Line>
    <P Name="ZOrder">1</P>
    <P Name="Src">56#out:1</P>
    <P Name="Dst">59#in:1</P>
  </Line>
  <Line>
    <P Name="ZOrder">2</P>
    <P Name="Src">59#out:1</P>
    <P Name="Points">[45, 0]</P>
    <P Name="Dst">57#in:2</P>
  </Line>
  <Line>
    <P Name="ZOrder">3</P>
    <P Name="Src">58#out:1</P>
    <P Name="Dst">57#in:1</P>
  </Line>
  <Line>
    <P Name="ZOrder">4</P>
    <P Name="Src">57#out:1</P>
    <P Name="Dst">60#in:1</P>
  </Line>
</System>
