<?xml version="1.0" encoding="utf-8"?>
<System>
  <P Name="Location">[-7, -7, 1543, 831]</P>
  <P Name="SetExecutionDomain">off</P>
  <P Name="ExecutionDomainType">Deduce</P>
  <P Name="SimulinkSubDomain">Simulink</P>
  <Block BlockType="Inport" Name="In1" SID="43">
    <P Name="Position">[45, 108, 75, 122]</P>
    <P Name="ZOrder">9</P>
    <P Name="ShowName">off</P>
    <P Name="IconDisplay">Signal name</P>
  </Block>
  <Block BlockType="Sum" Name="Sum1" SID="44">
    <P Name="Ports">[2, 1]</P>
    <P Name="Position">[300, 20, 340, 60]</P>
    <P Name="ZOrder">7</P>
    <P Name="Inputs">|++</P>
  </Block>
  <Block BlockType="Constant" Name="alpha_a" SID="45">
    <P Name="Position">[185, 22, 240, 58]</P>
    <P Name="ZOrder">6</P>
    <P Name="Value">alpha_a</P>
  </Block>
  <Block BlockType="Gain" Name="alpha_b" SID="46">
    <P Name="Position">[225, 92, 285, 138]</P>
    <P Name="ZOrder">8</P>
    <P Name="Gain">alpha_b</P>
  </Block>
  <Block BlockType="Outport" Name="Out1" SID="47">
    <P Name="Position">[480, 33, 510, 47]</P>
    <P Name="ZOrder">10</P>
    <P Name="ShowName">off</P>
    <P Name="IconDisplay">Signal name</P>
  </Block>
  <Line>
    <P Name="ZOrder">1</P>
    <P Name="Src">43#out:1</P>
    <P Name="Dst">46#in:1</P>
  </Line>
  <Line>
    <P Name="ZOrder">2</P>
    <P Name="Src">46#out:1</P>
    <P Name="Points">[30, 0]</P>
    <P Name="Dst">44#in:2</P>
  </Line>
  <Line>
    <P Name="ZOrder">3</P>
    <P Name="Src">45#out:1</P>
    <P Name="Dst">44#in:1</P>
  </Line>
  <Line>
    <P Name="ZOrder">4</P>
    <P Name="Src">44#out:1</P>
    <P Name="Dst">47#in:1</P>
  </Line>
</System>
