<?xml version="1.0" encoding="utf-8"?>
<System>
  <P Name="Location">[-7, -7, 1543, 831]</P>
  <P Name="Open">on</P>
  <P Name="SetExecutionDomain">off</P>
  <P Name="ExecutionDomainType">Deduce</P>
  <P Name="ReportName">simulink-default.rpt</P>
  <P Name="SIDHighWatermark">72</P>
  <P Name="SimulinkSubDomain">Simulink</P>
  <Block BlockType="Gain" Name="-eta" SID="1">
    <P Name="Position">[140, 345, 180, 385]</P>
    <P Name="ZOrder">339</P>
    <P Name="Gain">-eta1</P>
    <Port>
      <P Name="PortNumber">1</P>
      <P Name="Name">u_dot</P>
    </Port>
  </Block>
  <Block BlockType="Constant" Name="A" SID="2">
    <P Name="Position">[1525, 730, 1555, 760]</P>
    <P Name="ZOrder">336</P>
    <P Name="Value">A</P>
  </Block>
  <Block BlockType="Abs" Name="Abs" SID="3">
    <P Name="Position">[1225, 635, 1255, 665]</P>
    <P Name="ZOrder">326</P>
    <P Name="SaturateOnIntegerOverflow">off</P>
  </Block>
  <Block BlockType="Abs" Name="Abs1" SID="4">
    <P Name="Position">[1350, 680, 1380, 710]</P>
    <P Name="ZOrder">329</P>
    <P Name="SaturateOnIntegerOverflow">off</P>
  </Block>
  <Block BlockType="Abs" Name="Abs2" SID="5">
    <P Name="Position">[1525, 495, 1555, 525]</P>
    <P Name="ZOrder">333</P>
    <P Name="SaturateOnIntegerOverflow">off</P>
  </Block>
  <Block BlockType="Gain" Name="C_s" SID="6">
    <P Name="Position">[535, 65, 565, 95]</P>
    <P Name="ZOrder">355</P>
    <P Name="Gain">C_s</P>
  </Block>
  <Block BlockType="Derivative" Name="Derivative" SID="7">
    <P Name="Position">[355, 425, 385, 455]</P>
    <P Name="ZOrder">313</P>
    <Port>
      <P Name="PortNumber">1</P>
      <P Name="Name">x_dot</P>
    </Port>
  </Block>
  <Block BlockType="Derivative" Name="Derivative1" SID="8">
    <P Name="Position">[1165, 685, 1195, 715]</P>
    <P Name="ZOrder">323</P>
    <P Name="BlockRotation">270</P>
    <P Name="NameLocation">right</P>
    <Port>
      <P Name="PortNumber">1</P>
      <P Name="Name">x_dot - y_dot</P>
    </Port>
  </Block>
  <Block BlockType="Derivative" Name="Derivative2" SID="9">
    <P Name="Position">[1355, 210, 1385, 240]</P>
    <P Name="ZOrder">346</P>
  </Block>
  <Block BlockType="Derivative" Name="Derivative3" SID="10">
    <P Name="Position">[445, 125, 475, 155]</P>
    <P Name="ZOrder">352</P>
  </Block>
  <Block BlockType="Derivative" Name="Derivative4" SID="11">
    <P Name="Position">[510, 125, 540, 155]</P>
    <P Name="ZOrder">353</P>
  </Block>
  <Block BlockType="Product" Name="Divide" SID="12">
    <P Name="Ports">[2, 1]</P>
    <P Name="Position">[855, 482, 885, 513]</P>
    <P Name="ZOrder">308</P>
    <P Name="Inputs">*/</P>
    <Port>
      <P Name="PortNumber">1</P>
      <P Name="Name">y_dot</P>
    </Port>
  </Block>
  <Block BlockType="Scope" Name="F" SID="13">
    <P Name="Ports">[1]</P>
    <P Name="Position">[1395, 314, 1425, 346]</P>
    <P Name="ZOrder">301</P>
    <P Name="ScopeSpecificationString">Simulink.scopes.TimeScopeBlockCfg(&apos;CurrentConfiguration&apos;, extmgr.ConfigurationSet(extmgr.Configuration(&apos;Core&apos;,&apos;General UI&apos;,true),extmgr.Configuration(&apos;Core&apos;,&apos;Source UI&apos;,true),extmgr.Configuration(&apos;Sources&apos;,&apos;WiredSimulink&apos;,true,&apos;DataLoggingVariableName&apos;,&apos;ScopeData1&apos;),extmgr.Configuration(&apos;Visuals&apos;,&apos;Time Domain&apos;,true,&apos;SerializedDisplays&apos;,{struct(&apos;MinYLimReal&apos;,&apos;-81.5&apos;,&apos;MaxYLimReal&apos;,&apos;-61.5&apos;,&apos;YLabelReal&apos;,&apos;&apos;,&apos;MinYLimMag&apos;,&apos;0.00000&apos;,&apos;MaxYLimMag&apos;,&apos;81.5&apos;,&apos;LegendVisibility&apos;,&apos;off&apos;,&apos;XGrid&apos;,true,&apos;YGrid&apos;,true,&apos;PlotMagPhase&apos;,false,&apos;AxesColor&apos;,[0 0 0],&apos;AxesTickColor&apos;,[0.686274509803922 0.686274509803922 0.686274509803922],&apos;ColorOrder&apos;,[1 1 0.0666666666666667;0.0745098039215686 0.623529411764706 1;1 0.411764705882353 0.16078431372549;0.392156862745098 0.831372549019608 0.0745098039215686;0.717647058823529 0.274509803921569 1;0.0588235294117647 1 1;1 0.0745098039215686 0.650980392156863],&apos;Title&apos;,&apos;%&lt;SignalLabel&gt;&apos;,&apos;LinePropertiesCache&apos;,{{}},&apos;UserDefinedChannelNames&apos;,{{}},&apos;NumLines&apos;,1,&apos;LineNames&apos;,{{&apos;Sum1&apos;}},&apos;ShowContent&apos;,true,&apos;Placement&apos;,1)},&apos;DisplayPropertyDefaults&apos;,struct(&apos;MinYLimReal&apos;,&apos;-81.5&apos;,&apos;MaxYLimReal&apos;,&apos;-61.5&apos;,&apos;YLabelReal&apos;,&apos;&apos;,&apos;MinYLimMag&apos;,&apos;0.00000&apos;,&apos;MaxYLimMag&apos;,&apos;81.5&apos;,&apos;LegendVisibility&apos;,&apos;off&apos;,&apos;XGrid&apos;,true,&apos;YGrid&apos;,true,&apos;PlotMagPhase&apos;,false,&apos;AxesColor&apos;,[0 0 0],&apos;AxesTickColor&apos;,[0.686274509803922 0.686274509803922 0.686274509803922],&apos;ColorOrder&apos;,[0.0745098039215686 0.623529411764706 1;1 0.411764705882353 0.16078431372549;1 1 0.0666666666666667;0.717647058823529 0.274509803921569 1;0.392156862745098 0.831372549019608 0.0745098039215686;0.0588235294117647 1 1;1 0.0745098039215686 0.650980392156863])),extmgr.Configuration(&apos;Tools&apos;,&apos;Plot Navigation&apos;,true),extmgr.Configuration(&apos;Tools&apos;,&apos;Measurements&apos;,true,&apos;Version&apos;,&apos;2020a&apos;)),&apos;Version&apos;,&apos;2020a&apos;)</P>
    <P Name="NumInputPorts">1</P>
    <P Name="Floating">off</P>
  </Block>
  <Block BlockType="Gain" Name="Gain" SID="14">
    <P Name="Position">[80, 470, 110, 500]</P>
    <P Name="ZOrder">342</P>
    <P Name="Gain">0</P>
  </Block>
  <Block BlockType="Integrator" Name="Integrator" SID="15">
    <P Name="Ports">[1, 1]</P>
    <P Name="Position">[995, 485, 1025, 515]</P>
    <P Name="ZOrder">316</P>
    <Port>
      <P Name="PortNumber">1</P>
      <P Name="Name">y</P>
    </Port>
  </Block>
  <Block BlockType="Integrator" Name="Integrator1" SID="16">
    <P Name="Ports">[1, 1]</P>
    <P Name="Position">[1655, 615, 1685, 645]</P>
    <P Name="ZOrder">321</P>
    <Port>
      <P Name="PortNumber">1</P>
      <P Name="Name">z</P>
    </Port>
  </Block>
  <Block BlockType="Integrator" Name="Integrator2" SID="17">
    <P Name="Ports">[1, 1]</P>
    <P Name="Position">[235, 350, 265, 380]</P>
    <P Name="ZOrder">338</P>
    <Port>
      <P Name="PortNumber">1</P>
      <P Name="Name">u</P>
    </Port>
  </Block>
  <Block BlockType="Integrator" Name="Integrator3" SID="18">
    <P Name="Ports">[1, 1]</P>
    <P Name="Position">[885, 35, 915, 65]</P>
    <P Name="ZOrder">347</P>
    <P Name="InitialCondition">0.0001</P>
    <Port>
      <P Name="PortNumber">1</P>
      <P Name="Name">x_dot</P>
    </Port>
  </Block>
  <Block BlockType="Integrator" Name="Integrator4" SID="19">
    <P Name="Ports">[1, 1]</P>
    <P Name="Position">[995, 35, 1025, 65]</P>
    <P Name="ZOrder">348</P>
    <Port>
      <P Name="PortNumber">1</P>
      <P Name="Name">x_rel</P>
    </Port>
  </Block>
  <Block BlockType="Gain" Name="K_s" SID="20">
    <P Name="Position">[535, 20, 565, 50]</P>
    <P Name="ZOrder">356</P>
    <P Name="Gain">K_s</P>
  </Block>
  <Block BlockType="Math" Name="Power" SID="21">
    <P Name="Ports">[2, 1]</P>
    <P Name="Position">[1415, 687, 1445, 718]</P>
    <P Name="ZOrder">327</P>
    <P Name="Operator">pow</P>
  </Block>
  <Block BlockType="Math" Name="Power1" SID="22">
    <P Name="Ports">[2, 1]</P>
    <P Name="Position">[1580, 502, 1610, 533]</P>
    <P Name="ZOrder">334</P>
    <P Name="Operator">pow</P>
  </Block>
  <Block BlockType="Product" Name="Product" SID="23">
    <P Name="Ports">[2, 1]</P>
    <P Name="Position">[1115, 312, 1145, 343]</P>
    <P Name="ZOrder">305</P>
  </Block>
  <Block BlockType="Product" Name="Product1" SID="24">
    <P Name="Ports">[2, 1]</P>
    <P Name="Position">[495, 567, 525, 598]</P>
    <P Name="ZOrder">312</P>
  </Block>
  <Block BlockType="Product" Name="Product2" SID="25">
    <P Name="Ports">[2, 1]</P>
    <P Name="Position">[455, 432, 490, 468]</P>
    <P Name="ZOrder">314</P>
  </Block>
  <Block BlockType="Product" Name="Product3" SID="26">
    <P Name="Ports">[2, 1]</P>
    <P Name="Position">[1280, 582, 1310, 613]</P>
    <P Name="ZOrder">320</P>
  </Block>
  <Block BlockType="Product" Name="Product4" SID="27">
    <P Name="Ports">[2, 1]</P>
    <P Name="Position">[1335, 592, 1365, 623]</P>
    <P Name="ZOrder">324</P>
  </Block>
  <Block BlockType="Product" Name="Product5" SID="28">
    <P Name="Ports">[2, 1]</P>
    <P Name="Position">[1390, 602, 1420, 633]</P>
    <P Name="ZOrder">325</P>
  </Block>
  <Block BlockType="Product" Name="Product6" SID="29">
    <P Name="Ports">[2, 1]</P>
    <P Name="Position">[1515, 452, 1545, 483]</P>
    <P Name="ZOrder">331</P>
  </Block>
  <Block BlockType="Product" Name="Product7" SID="30">
    <P Name="Ports">[2, 1]</P>
    <P Name="Position">[1670, 462, 1700, 493]</P>
    <P Name="ZOrder">332</P>
  </Block>
  <Block BlockType="Product" Name="Product8" SID="31">
    <P Name="Ports">[2, 1]</P>
    <P Name="Position">[1580, 737, 1610, 768]</P>
    <P Name="ZOrder">337</P>
  </Block>
  <Block BlockType="Scope" Name="Scope" SID="32">
    <P Name="Ports">[1]</P>
    <P Name="Position">[1145, 34, 1175, 66]</P>
    <P Name="ZOrder">357</P>
    <P Name="ScopeSpecificationString">Simulink.scopes.TimeScopeBlockCfg(&apos;CurrentConfiguration&apos;, extmgr.ConfigurationSet(extmgr.Configuration(&apos;Core&apos;,&apos;General UI&apos;,true),extmgr.Configuration(&apos;Core&apos;,&apos;Source UI&apos;,true),extmgr.Configuration(&apos;Sources&apos;,&apos;WiredSimulink&apos;,true),extmgr.Configuration(&apos;Visuals&apos;,&apos;Time Domain&apos;,true),extmgr.Configuration(&apos;Tools&apos;,&apos;Plot Navigation&apos;,true),extmgr.Configuration(&apos;Tools&apos;,&apos;Measurements&apos;,true)),&apos;Version&apos;,&apos;2020a&apos;)</P>
    <P Name="NumInputPorts">1</P>
    <P Name="Floating">off</P>
  </Block>
  <Block BlockType="Sum" Name="Sum" SID="33">
    <P Name="Ports">[2, 1]</P>
    <P Name="Position">[1155, 415, 1195, 455]</P>
    <P Name="ZOrder">302</P>
    <P Name="Inputs">|+-</P>
  </Block>
  <Block BlockType="Sum" Name="Sum1" SID="34">
    <P Name="Ports">[2, 1]</P>
    <P Name="Position">[1270, 315, 1300, 345]</P>
    <P Name="ZOrder">307</P>
    <P Name="Inputs">|++</P>
  </Block>
  <Block BlockType="Sum" Name="Sum2" SID="35">
    <P Name="Ports">[2, 1]</P>
    <P Name="Position">[795, 490, 825, 520]</P>
    <P Name="ZOrder">309</P>
    <P Name="Inputs">|++</P>
  </Block>
  <Block BlockType="Sum" Name="Sum3" SID="36">
    <P Name="Ports">[3, 1]</P>
    <P Name="Position">[680, 431, 715, 484]</P>
    <P Name="ZOrder">315</P>
    <P Name="IconShape">rectangular</P>
    <P Name="Inputs">|+++</P>
  </Block>
  <Block BlockType="Sum" Name="Sum4" SID="37">
    <P Name="Ports">[2, 1]</P>
    <P Name="Position">[515, 645, 545, 675]</P>
    <P Name="ZOrder">317</P>
    <P Name="Inputs">|+-</P>
    <Port>
      <P Name="PortNumber">1</P>
      <P Name="Name">x-y</P>
    </Port>
  </Block>
  <Block BlockType="Sum" Name="Sum5" SID="38">
    <P Name="Ports">[3, 1]</P>
    <P Name="Position">[1565, 599, 1595, 656]</P>
    <P Name="ZOrder">319</P>
    <P Name="IconShape">rectangular</P>
    <P Name="Inputs">|--+</P>
    <Port>
      <P Name="PortNumber">1</P>
      <P Name="Name">z_dot</P>
    </Port>
  </Block>
  <Block BlockType="Sum" Name="Sum6" SID="39">
    <P Name="Ports">[2, 1]</P>
    <P Name="Position">[80, 350, 110, 380]</P>
    <P Name="ZOrder">340</P>
    <P Name="Inputs">|+-</P>
  </Block>
  <Block BlockType="Sum" Name="Sum7" SID="40">
    <P Name="Ports">[4, 1]</P>
    <P Name="Position">[710, 15, 755, 85]</P>
    <P Name="ZOrder">350</P>
    <P Name="IconShape">rectangular</P>
    <P Name="Inputs">|----</P>
  </Block>
  <Block BlockType="ToWorkspace" Name="To Workspace" SID="41">
    <P Name="Ports">[1]</P>
    <P Name="Position">[1475, 270, 1565, 300]</P>
    <P Name="ZOrder">343</P>
    <P Name="VariableName">damper_force</P>
    <P Name="MaxDataPoints">inf</P>
    <P Name="FixptAsFi">on</P>
    <P Name="SampleTime">-1</P>
  </Block>
  <Block BlockType="SubSystem" Name="alpha" SID="42">
    <P Name="Ports">[1, 1]</P>
    <P Name="Position">[400, 545, 440, 605]</P>
    <P Name="ZOrder">311</P>
    <P Name="RequestExecContextInheritance">off</P>
    <P Name="ContentPreviewEnabled">on</P>
    <Port>
      <P Name="PortNumber">1</P>
      <P Name="Name">alpha</P>
    </Port>
    <System Ref="system_42"/>
  </Block>
  <Block BlockType="Constant" Name="beta" SID="48">
    <P Name="Position">[1455, 445, 1485, 475]</P>
    <P Name="ZOrder">330</P>
    <P Name="Value">beta1</P>
  </Block>
  <Block BlockType="SubSystem" Name="c_0" SID="49">
    <P Name="Ports">[1, 1]</P>
    <P Name="Position">[695, 520, 735, 580]</P>
    <P Name="ZOrder">310</P>
    <P Name="RequestExecContextInheritance">off</P>
    <P Name="ContentPreviewEnabled">on</P>
    <Port>
      <P Name="PortNumber">1</P>
      <P Name="Name">c_0</P>
    </Port>
    <System Ref="system_49"/>
  </Block>
  <Block BlockType="SubSystem" Name="c_1" SID="55">
    <P Name="Ports">[1, 1]</P>
    <P Name="Position">[960, 220, 1000, 280]</P>
    <P Name="ZOrder">304</P>
    <P Name="RequestExecContextInheritance">off</P>
    <P Name="ContentPreviewEnabled">on</P>
    <Port>
      <P Name="PortNumber">1</P>
      <P Name="Name">c_1</P>
    </Port>
    <System Ref="system_55"/>
  </Block>
  <Block BlockType="ToWorkspace" Name="damper_displacement" SID="61">
    <P Name="Ports">[1]</P>
    <P Name="Position">[1475, 150, 1565, 180]</P>
    <P Name="ZOrder">344</P>
    <P Name="VariableName">damper_displacement</P>
    <P Name="MaxDataPoints">inf</P>
    <P Name="FixptAsFi">on</P>
    <P Name="SampleTime">-1</P>
  </Block>
  <Block BlockType="ToWorkspace" Name="damper_velocity" SID="62">
    <P Name="Ports">[1]</P>
    <P Name="Position">[1475, 210, 1565, 240]</P>
    <P Name="ZOrder">345</P>
    <P Name="VariableName">damper_velocity</P>
    <P Name="MaxDataPoints">inf</P>
    <P Name="FixptAsFi">on</P>
    <P Name="SampleTime">-1</P>
  </Block>
  <Block BlockType="Constant" Name="gamma" SID="63">
    <P Name="Position">[1170, 565, 1215, 595]</P>
    <P Name="ZOrder">322</P>
    <P Name="Value">gamma1</P>
  </Block>
  <Block BlockType="Gain" Name="k0" SID="64">
    <P Name="Position">[590, 645, 620, 675]</P>
    <P Name="ZOrder">318</P>
    <P Name="Gain">k0</P>
  </Block>
  <Block BlockType="Gain" Name="k1" SID="65">
    <P Name="Position">[1235, 420, 1265, 450]</P>
    <P Name="ZOrder">306</P>
    <P Name="Gain">k1</P>
  </Block>
  <Block BlockType="Gain" Name="m_s" SID="66">
    <P Name="Position">[805, 35, 835, 65]</P>
    <P Name="ZOrder">351</P>
    <P Name="Gain">m_s</P>
  </Block>
  <Block BlockType="Gain" Name="m_s1" SID="67">
    <P Name="Position">[565, 125, 595, 155]</P>
    <P Name="ZOrder">354</P>
    <P Name="Gain">m_s</P>
  </Block>
  <Block BlockType="Constant" Name="n" SID="68">
    <P Name="Position">[1515, 395, 1545, 425]</P>
    <P Name="ZOrder">335</P>
    <P Name="Value">n</P>
  </Block>
  <Block BlockType="Constant" Name="n-1" SID="69">
    <P Name="Position">[1350, 730, 1380, 760]</P>
    <P Name="ZOrder">328</P>
    <P Name="Value">n-1</P>
  </Block>
  <Block BlockType="Step" Name="v" SID="70">
    <P Name="Position">[15, 520, 45, 550]</P>
    <P Name="ZOrder">341</P>
    <P Name="SampleTime">0</P>
  </Block>
  <Block BlockType="Constant" Name="x0" SID="71">
    <P Name="Position">[1235, 485, 1265, 515]</P>
    <P Name="ZOrder">303</P>
    <P Name="BlockMirror">on</P>
    <P Name="NameLocation">top</P>
    <P Name="Value">x0</P>
  </Block>
  <Block BlockType="Sin" Name="xg" SID="72">
    <P Name="Ports">[0, 1]</P>
    <P Name="Position">[380, 125, 410, 155]</P>
    <P Name="ZOrder">349</P>
    <P Name="Amplitude">0.75</P>
    <P Name="Frequency">2*pi*4</P>
    <P Name="SampleTime">0</P>
  </Block>
  <Line>
    <P Name="ZOrder">1</P>
    <P Name="Src">66#out:1</P>
    <P Name="Dst">18#in:1</P>
  </Line>
  <Line>
    <P Name="ZOrder">2</P>
    <P Name="Src">31#out:1</P>
    <P Name="Points">[19, 0; 0, -93; -93, 0; 0, -12]</P>
    <P Name="Dst">38#in:3</P>
  </Line>
  <Line>
    <P Name="ZOrder">3</P>
    <P Name="Src">67#out:1</P>
    <P Name="Points">[53, 0; 0, -60]</P>
    <P Name="Dst">40#in:4</P>
  </Line>
  <Line>
    <P Name="ZOrder">4</P>
    <P Name="Src">11#out:1</P>
    <P Name="Dst">67#in:1</P>
  </Line>
  <Line>
    <P Name="ZOrder">5</P>
    <P Name="Src">2#out:1</P>
    <P Name="Dst">31#in:1</P>
  </Line>
  <Line>
    <P Name="ZOrder">6</P>
    <P Name="Src">72#out:1</P>
    <P Name="Dst">10#in:1</P>
  </Line>
  <Line>
    <P Name="ZOrder">7</P>
    <P Name="Src">28#out:1</P>
    <P Name="Dst">38#in:1</P>
  </Line>
  <Line>
    <P Name="ZOrder">8</P>
    <P Name="Src">27#out:1</P>
    <P Name="Dst">28#in:1</P>
  </Line>
  <Line>
    <P Name="ZOrder">9</P>
    <P Name="Src">6#out:1</P>
    <P Name="Points">[39, 0; 0, -15]</P>
    <P Name="Dst">40#in:3</P>
  </Line>
  <Line>
    <P Name="ZOrder">10</P>
    <P Name="Src">20#out:1</P>
    <P Name="Points">[68, 0; 0, 15]</P>
    <P Name="Dst">40#in:2</P>
  </Line>
  <Line>
    <P Name="ZOrder">11</P>
    <P Name="Src">39#out:1</P>
    <P Name="Dst">1#in:1</P>
  </Line>
  <Line>
    <P Name="ZOrder">12</P>
    <P Name="Src">68#out:1</P>
    <P Name="Points">[15, 0]</P>
    <P Name="Dst">22#in:2</P>
  </Line>
  <Line>
    <P Name="ZOrder">13</P>
    <P Name="Src">9#out:1</P>
    <P Name="Dst">62#in:1</P>
  </Line>
  <Line>
    <P Name="ZOrder">14</P>
    <P Name="Src">70#out:1</P>
    <P Name="Points">[12, 0; 0, -50]</P>
    <P Name="Dst">14#in:1</P>
  </Line>
  <Line>
    <P Name="Name">u_dot</P>
    <P Name="ZOrder">15</P>
    <P Name="Labels">[1, 1]</P>
    <P Name="Src">1#out:1</P>
    <P Name="Dst">17#in:1</P>
  </Line>
  <Line>
    <P Name="Name">c_1</P>
    <P Name="ZOrder">18</P>
    <P Name="Labels">[1, 1]</P>
    <P Name="Src">55#out:1</P>
    <P Name="Points">[43, 0; 0, 70]</P>
    <Branch>
      <P Name="ZOrder">17</P>
      <P Name="Dst">23#in:1</P>
    </Branch>
    <Branch>
      <P Name="ZOrder">16</P>
      <P Name="Labels">[2, 1]</P>
      <P Name="Points">[-277, 0; 0, 185]</P>
      <P Name="Dst">35#in:1</P>
    </Branch>
  </Line>
  <Line>
    <P Name="ZOrder">19</P>
    <P Name="Src">30#out:1</P>
    <P Name="Points">[19, 0; 0, 78; -183, 0; 0, 77]</P>
    <P Name="Dst">38#in:2</P>
  </Line>
  <Line>
    <P Name="ZOrder">20</P>
    <P Name="Src">33#out:1</P>
    <P Name="Dst">65#in:1</P>
  </Line>
  <Line>
    <P Name="Name">x_rel</P>
    <P Name="ZOrder">32</P>
    <P Name="Labels">[1, 1]</P>
    <P Name="Src">19#out:1</P>
    <P Name="Points">[73, 0]</P>
    <Branch>
      <P Name="ZOrder">31</P>
      <P Name="Points">[0, 185; 119, 0]</P>
      <Branch>
        <P Name="ZOrder">30</P>
        <P Name="Points">[0, 15; -14, 0; 0, 157; -95, 0]</P>
        <Branch>
          <P Name="ZOrder">29</P>
          <P Name="Points">[-26, 0]</P>
          <Branch>
            <P Name="ZOrder">28</P>
            <P Name="Points">[-756, 0; 0, 33]</P>
            <P Name="Dst">7#in:1</P>
          </Branch>
          <Branch>
            <P Name="ZOrder">27</P>
            <P Name="Points">[0, 351; -596, 0; 0, -98]</P>
            <P Name="Dst">37#in:1</P>
          </Branch>
        </Branch>
        <Branch>
          <P Name="ZOrder">26</P>
          <P Name="Points">[0, 28]</P>
          <P Name="Dst">33#in:1</P>
        </Branch>
      </Branch>
      <Branch>
        <P Name="ZOrder">25</P>
        <P Name="Points">[0, -30]</P>
        <Branch>
          <P Name="ZOrder">24</P>
          <P Name="Points">[98, 0; 0, 20]</P>
          <P Name="Dst">9#in:1</P>
        </Branch>
        <Branch>
          <P Name="ZOrder">23</P>
          <P Name="Points">[0, -40]</P>
          <P Name="Dst">61#in:1</P>
        </Branch>
      </Branch>
    </Branch>
    <Branch>
      <P Name="ZOrder">22</P>
      <P Name="Points">[0, -59; -592, 0; 0, 44]</P>
      <P Name="Dst">20#in:1</P>
    </Branch>
    <Branch>
      <P Name="ZOrder">21</P>
      <P Name="Dst">32#in:1</P>
    </Branch>
  </Line>
  <Line>
    <P Name="ZOrder">33</P>
    <P Name="Src">40#out:1</P>
    <P Name="Dst">66#in:1</P>
  </Line>
  <Line>
    <P Name="ZOrder">34</P>
    <P Name="Src">14#out:1</P>
    <P Name="Points">[10, 0; 0, -60; -30, 0]</P>
    <P Name="Dst">39#in:2</P>
  </Line>
  <Line>
    <P Name="ZOrder">35</P>
    <P Name="Src">10#out:1</P>
    <P Name="Dst">11#in:1</P>
  </Line>
  <Line>
    <P Name="ZOrder">36</P>
    <P Name="Src">71#out:1</P>
    <P Name="Points">[-55, 0]</P>
    <P Name="Dst">33#in:2</P>
  </Line>
  <Line>
    <P Name="ZOrder">37</P>
    <P Name="Src">4#out:1</P>
    <P Name="Dst">21#in:1</P>
  </Line>
  <Line>
    <P Name="Name">y</P>
    <P Name="ZOrder">38</P>
    <P Name="Labels">[1, 1]</P>
    <P Name="Src">15#out:1</P>
    <P Name="Points">[19, 0; 0, 211; -519, 0]</P>
    <P Name="Dst">37#in:2</P>
  </Line>
  <Line>
    <P Name="Name">x-y</P>
    <P Name="ZOrder">41</P>
    <P Name="Src">37#out:1</P>
    <P Name="Points">[16, 0]</P>
    <Branch>
      <P Name="ZOrder">40</P>
      <P Name="Labels">[2, 1]</P>
      <P Name="Points">[0, 122; 614, 0]</P>
      <P Name="Dst">8#in:1</P>
    </Branch>
    <Branch>
      <P Name="ZOrder">39</P>
      <P Name="Dst">64#in:1</P>
    </Branch>
  </Line>
  <Line>
    <P Name="ZOrder">42</P>
    <P Name="Src">48#out:1</P>
    <P Name="Dst">29#in:1</P>
  </Line>
  <Line>
    <P Name="Name">x_dot - y_dot</P>
    <P Name="ZOrder">47</P>
    <P Name="Src">8#out:1</P>
    <P Name="Points">[0, -30; 26, 0]</P>
    <Branch>
      <P Name="ZOrder">46</P>
      <P Name="Labels">[2, 1]</P>
      <P Name="Points">[0, 181; 294, 0]</P>
      <Branch>
        <P Name="ZOrder">45</P>
        <P Name="Points">[65, 0]</P>
        <P Name="Dst">31#in:2</P>
      </Branch>
      <Branch>
        <P Name="ZOrder">44</P>
        <P Name="Dst">29#in:2</P>
      </Branch>
    </Branch>
    <Branch>
      <P Name="ZOrder">43</P>
      <P Name="Dst">3#in:1</P>
    </Branch>
  </Line>
  <Line>
    <P Name="ZOrder">48</P>
    <P Name="Src">23#out:1</P>
    <P Name="Dst">34#in:1</P>
  </Line>
  <Line>
    <P Name="ZOrder">49</P>
    <P Name="Src">29#out:1</P>
    <P Name="Dst">30#in:1</P>
  </Line>
  <Line>
    <P Name="ZOrder">50</P>
    <P Name="Src">69#out:1</P>
    <P Name="Points">[13, 0; 0, -35]</P>
    <P Name="Dst">21#in:2</P>
  </Line>
  <Line>
    <P Name="Name">c_0</P>
    <P Name="ZOrder">53</P>
    <P Name="Labels">[0, 0]</P>
    <P Name="Src">49#out:1</P>
    <P Name="Points">[23, 0]</P>
    <Branch>
      <P Name="ZOrder">52</P>
      <P Name="Labels">[3, 1]</P>
      <P Name="Points">[0, -49; -332, 0; 0, -41]</P>
      <P Name="Dst">25#in:2</P>
    </Branch>
    <Branch>
      <P Name="ZOrder">51</P>
      <P Name="Points">[47, 0]</P>
      <P Name="Dst">35#in:2</P>
    </Branch>
  </Line>
  <Line>
    <P Name="ZOrder">54</P>
    <P Name="Src">63#out:1</P>
    <P Name="Points">[28, 0; 0, 10]</P>
    <P Name="Dst">26#in:1</P>
  </Line>
  <Line>
    <P Name="Name">z_dot</P>
    <P Name="ZOrder">55</P>
    <P Name="Labels">[1, 1]</P>
    <P Name="Src">38#out:1</P>
    <P Name="Dst">16#in:1</P>
  </Line>
  <Line>
    <P Name="ZOrder">56</P>
    <P Name="Src">64#out:1</P>
    <P Name="Points">[34, 0; 0, -180]</P>
    <P Name="Dst">36#in:3</P>
  </Line>
  <Line>
    <P Name="ZOrder">57</P>
    <P Name="Src">36#out:1</P>
    <P Name="Points">[120, 0]</P>
    <P Name="Dst">12#in:1</P>
  </Line>
  <Line>
    <P Name="ZOrder">58</P>
    <P Name="Src">25#out:1</P>
    <P Name="Dst">36#in:1</P>
  </Line>
  <Line>
    <P Name="Name">alpha</P>
    <P Name="ZOrder">59</P>
    <P Name="Labels">[0, 0]</P>
    <P Name="Src">42#out:1</P>
    <P Name="Dst">24#in:1</P>
  </Line>
  <Line>
    <P Name="Name">y_dot</P>
    <P Name="ZOrder">62</P>
    <P Name="Labels">[0, 0]</P>
    <P Name="Src">12#out:1</P>
    <P Name="Points">[50, 0]</P>
    <Branch>
      <P Name="ZOrder">61</P>
      <P Name="Labels">[1, 0]</P>
      <P Name="Points">[0, -165]</P>
      <P Name="Dst">23#in:2</P>
    </Branch>
    <Branch>
      <P Name="ZOrder">60</P>
      <P Name="Dst">15#in:1</P>
    </Branch>
  </Line>
  <Line>
    <P Name="ZOrder">63</P>
    <P Name="Src">5#out:1</P>
    <P Name="Dst">22#in:1</P>
  </Line>
  <Line>
    <P Name="Name">u</P>
    <P Name="ZOrder">70</P>
    <P Name="Labels">[1, 1]</P>
    <P Name="Src">17#out:1</P>
    <P Name="Points">[29, 0]</P>
    <Branch>
      <P Name="ZOrder">69</P>
      <P Name="Points">[0, -115]</P>
      <Branch>
        <P Name="ZOrder">68</P>
        <P Name="Points">[-243, 0; 0, 115]</P>
        <P Name="Dst">39#in:1</P>
      </Branch>
      <Branch>
        <P Name="ZOrder">67</P>
        <P Name="Points">[268, 0]</P>
        <Branch>
          <P Name="ZOrder">66</P>
          <P Name="Labels">[2, 1]</P>
          <P Name="Points">[0, 300]</P>
          <P Name="Dst">49#in:1</P>
        </Branch>
        <Branch>
          <P Name="ZOrder">65</P>
          <P Name="Labels">[-1, 0]</P>
          <P Name="Dst">55#in:1</P>
        </Branch>
      </Branch>
    </Branch>
    <Branch>
      <P Name="ZOrder">64</P>
      <P Name="Labels">[1, 1]</P>
      <P Name="Points">[0, 210]</P>
      <P Name="Dst">42#in:1</P>
    </Branch>
  </Line>
  <Line>
    <P Name="ZOrder">71</P>
    <P Name="Src">3#out:1</P>
    <P Name="Points">[5, 0]</P>
    <P Name="Dst">26#in:2</P>
  </Line>
  <Line>
    <P Name="Name">z</P>
    <P Name="ZOrder">78</P>
    <P Name="Src">16#out:1</P>
    <P Name="Points">[6, 0]</P>
    <Branch>
      <P Name="ZOrder">77</P>
      <P Name="Points">[0, -51; -188, 0; 0, -69]</P>
      <P Name="Dst">5#in:1</P>
    </Branch>
    <Branch>
      <P Name="ZOrder">76</P>
      <P Name="Labels">[1, 1]</P>
      <P Name="Points">[19, 0; 0, 159]</P>
      <Branch>
        <P Name="ZOrder">75</P>
        <P Name="Points">[-395, 0; 0, -94]</P>
        <Branch>
          <P Name="ZOrder">74</P>
          <P Name="Dst">27#in:2</P>
        </Branch>
        <Branch>
          <P Name="ZOrder">73</P>
          <P Name="Dst">4#in:1</P>
        </Branch>
      </Branch>
      <Branch>
        <P Name="ZOrder">72</P>
        <P Name="Labels">[3, 0]</P>
        <P Name="Points">[0, 103; -1248, 0; 0, -302]</P>
        <P Name="Dst">24#in:2</P>
      </Branch>
    </Branch>
  </Line>
  <Line>
    <P Name="Name">x_dot</P>
    <P Name="ZOrder">79</P>
    <P Name="Labels">[1, 1]</P>
    <P Name="Src">7#out:1</P>
    <P Name="Dst">25#in:1</P>
  </Line>
  <Line>
    <P Name="ZOrder">80</P>
    <P Name="Src">22#out:1</P>
    <P Name="Points">[25, 0; 0, -35]</P>
    <P Name="Dst">30#in:2</P>
  </Line>
  <Line>
    <P Name="ZOrder">81</P>
    <P Name="Src">24#out:1</P>
    <P Name="Points">[112, 0; 0, -120]</P>
    <P Name="Dst">36#in:2</P>
  </Line>
  <Line>
    <P Name="ZOrder">82</P>
    <P Name="Src">21#out:1</P>
    <P Name="Points">[19, 0; 0, -37; -94, 0]</P>
    <P Name="Dst">28#in:2</P>
  </Line>
  <Line>
    <P Name="ZOrder">83</P>
    <P Name="Src">65#out:1</P>
    <P Name="Points">[15, 0]</P>
    <P Name="Dst">34#in:2</P>
  </Line>
  <Line>
    <P Name="ZOrder">84</P>
    <P Name="Src">35#out:1</P>
    <P Name="Dst">12#in:2</P>
  </Line>
  <Line>
    <P Name="ZOrder">89</P>
    <P Name="Src">34#out:1</P>
    <P Name="Points">[39, 0]</P>
    <Branch>
      <P Name="ZOrder">88</P>
      <P Name="Points">[0, -354; -658, 0; 0, 59]</P>
      <P Name="Dst">40#in:1</P>
    </Branch>
    <Branch>
      <P Name="ZOrder">87</P>
      <P Name="Points">[12, 0]</P>
      <Branch>
        <P Name="ZOrder">86</P>
        <P Name="Points">[0, -45]</P>
        <P Name="Dst">41#in:1</P>
      </Branch>
      <Branch>
        <P Name="ZOrder">85</P>
        <P Name="Dst">13#in:1</P>
      </Branch>
    </Branch>
  </Line>
  <Line>
    <P Name="ZOrder">90</P>
    <P Name="Src">26#out:1</P>
    <P Name="Dst">27#in:1</P>
  </Line>
  <Line>
    <P Name="Name">x_dot</P>
    <P Name="ZOrder">93</P>
    <P Name="Labels">[1, 1]</P>
    <P Name="Src">18#out:1</P>
    <P Name="Points">[54, 0]</P>
    <Branch>
      <P Name="ZOrder">92</P>
      <P Name="Points">[0, 66; -463, 0; 0, -36]</P>
      <P Name="Dst">6#in:1</P>
    </Branch>
    <Branch>
      <P Name="ZOrder">91</P>
      <P Name="Dst">19#in:1</P>
    </Branch>
  </Line>
</System>
