<?xml version="1.0" encoding="UTF-8"?>
<sltp_graph version="1.1" packageUris="http://schema.mathworks.com/mf0/sltp_mm/R2020a_201913111440">
  <sltp.mm.core.Context type="sltp.mm.core.Context" uuid="cd22b24f-437a-4c5d-8b61-a2be1a9868bd">
    <priorityDirection>HighNumberLast</priorityDirection>
    <editorState type="sltp.mm.core.EditorState" uuid="1486826e-5bbb-4f6f-bcd0-a0a6a7fec561">
      <isSynchronized>true</isSynchronized>
    </editorState>
    <rootTask type="sltp.mm.core.Task" uuid="fcb247f7-d412-45b2-a11f-d776a4ec3ee5">
      <context type="sltp.mm.core.Context" uuid="cd22b24f-437a-4c5d-8b61-a2be1a9868bd"/>
      <explicit>false</explicit>
      <name>Default</name>
      <priority>-2147483648</priority>
      <subgraph type="sltp.mm.core.Graph" uuid="7ca610bc-ba9d-45bd-b847-4def535bca58">
        <tasks type="sltp.mm.core.Task" uuid="936ab950-2ce9-4513-82fc-88863daeeec8">
          <baseTask>true</baseTask>
          <context type="sltp.mm.core.Context" uuid="cd22b24f-437a-4c5d-8b61-a2be1a9868bd"/>
          <explicit>false</explicit>
          <id>1</id>
          <name>Cont</name>
          <priority>40</priority>
          <rates type="sltp.mm.core.Rate" uuid="bc65ce7c-da68-4812-a6bd-629b074da9ce">
            <annotation>Cont</annotation>
            <color>255</color>
            <hasBlocks>true</hasBlocks>
            <rateSpec type="sltp.mm.core.RateSpec">
              <period>0</period>
            </rateSpec>
            <sti>0</sti>
          </rates>
          <rates type="sltp.mm.core.Rate" uuid="7e40d1f8-9138-4c55-befb-cefbd536fdbc">
            <annotation>FiM</annotation>
            <color>-2139062017</color>
            <hasBlocks>true</hasBlocks>
            <rateSpec type="sltp.mm.core.RateSpec">
              <offset>1</offset>
              <period>0</period>
            </rateSpec>
            <sti>1</sti>
          </rates>
        </tasks>
      </subgraph>
    </rootTask>
  </sltp.mm.core.Context>
</sltp_graph>