<?xml version="1.0" encoding="UTF-8"?>
<sltp_editor version="1.1" packageUris="http://schema.mathworks.com/mf0/DiagramEditor/R2019a_20181107 http://schema.mathworks.com/mf0/SltpSyntax/R2020a_201913111440">
  <sltp.mm.syntax.Context type="sltp.mm.syntax.Context" uuid="ce3d3b3b-4184-45cc-a601-2570044a950b">
    <rootGraph type="sltp.mm.syntax.Graph" uuid="b2bd28b2-1a0b-4a99-9bbc-75b1b83df918">
      <children type="sltp.mm.syntax.Node" uuid="618ddfd2-5948-4cd0-9784-718124dc90ee">
        <priority>40</priority>
        <rates type="sltp.mm.syntax.RateData">
          <color>#000000</color>
          <hasBlocks>true</hasBlocks>
          <rate>0</rate>
          <title>Cont</title>
        </rates>
        <title>Cont</title>
        <type>base</type>
        <diagramElement type="diagram.editor.model.Entity" uuid="edc5a9d4-ec91-42e2-9a5d-f0f3ad57132f"/>
        <subgraph type="sltp.mm.syntax.Graph" uuid="63bfe168-6ef9-415f-bb64-69f4926595cd">
          <title>Cont</title>
          <diagramElement type="diagram.editor.model.Diagram" uuid="09f4b72a-19ae-47fe-a601-7f6ee1f480c1"/>
        </subgraph>
      </children>
      <title>Default</title>
      <diagramElement type="diagram.editor.model.Diagram" uuid="01118c7c-3e1d-4e92-9683-f3f1051e393a"/>
    </rootGraph>
  </sltp.mm.syntax.Context>
  <diagram.editor.model.Diagram type="diagram.editor.model.Diagram" uuid="01118c7c-3e1d-4e92-9683-f3f1051e393a">
    <entities type="diagram.editor.model.Entity" uuid="edc5a9d4-ec91-42e2-9a5d-f0f3ad57132f">
      <position>0,0</position>
      <size>0,0,0,0</size>
      <syntaxElement type="sltp.mm.syntax.Node" uuid="618ddfd2-5948-4cd0-9784-718124dc90ee"/>
      <title>Cont</title>
      <type>base</type>
      <subDiagram type="diagram.editor.model.Diagram" uuid="09f4b72a-19ae-47fe-a601-7f6ee1f480c1">
        <position>0,0</position>
        <syntaxElement type="sltp.mm.syntax.Graph" uuid="63bfe168-6ef9-415f-bb64-69f4926595cd"/>
        <title>Cont</title>
        <type>graph.Graph</type>
      </subDiagram>
    </entities>
    <syntaxElement type="sltp.mm.syntax.Graph" uuid="b2bd28b2-1a0b-4a99-9bbc-75b1b83df918"/>
    <title>Default</title>
    <type>graph.Graph</type>
  </diagram.editor.model.Diagram>
</sltp_editor>