<?xml version="1.0" encoding="UTF-8"?>
<sltp_graph version="1.1" packageUris="http://schema.mathworks.com/mf0/sltp_mm/R2020a_201913111440">
  <sltp.mm.core.Context type="sltp.mm.core.Context" uuid="85b6c659-3336-4814-a3e5-2c50133b1407">
    <priorityDirection>HighNumberLast</priorityDirection>
    <editorState type="sltp.mm.core.EditorState" uuid="1486826e-5bbb-4f6f-bcd0-a0a6a7fec561">
      <isSynchronized>true</isSynchronized>
    </editorState>
    <rootTask type="sltp.mm.core.Task" uuid="0a7ce921-4b91-463e-9c3d-74ce35f6da6a">
      <context type="sltp.mm.core.Context" uuid="85b6c659-3336-4814-a3e5-2c50133b1407"/>
      <explicit>false</explicit>
      <name>Default</name>
      <priority>-2147483648</priority>
      <subgraph type="sltp.mm.core.Graph" uuid="f261d866-2f4d-4caa-bf01-e532ece1b8bd">
        <tasks type="sltp.mm.core.Task" uuid="13e79fe3-295f-4f21-bc8d-b84b42123ed8">
          <baseTask>true</baseTask>
          <context type="sltp.mm.core.Context" uuid="85b6c659-3336-4814-a3e5-2c50133b1407"/>
          <explicit>false</explicit>
          <id>1</id>
          <name>Cont</name>
          <priority>40</priority>
          <rates type="sltp.mm.core.Rate" uuid="209037ee-0441-4ad1-9103-499c76fd4998">
            <annotation>Cont</annotation>
            <color>255</color>
            <hasBlocks>true</hasBlocks>
            <rateSpec type="sltp.mm.core.RateSpec">
              <period>0</period>
            </rateSpec>
            <sti>0</sti>
          </rates>
        </tasks>
      </subgraph>
    </rootTask>
  </sltp.mm.core.Context>
</sltp_graph>